"","MonitoringLocationIdentifier","Avg","Max","LatestSample","totalSamples","X","Y","Name","description","timestamp","begin","end","altitudeMode","tessellate","extrude","visibility","drawOrder","icon","Organization_Formal_Name","Organization_Identifier","Monitoring_Location_Name","Monitoring_Location_Type_Name","Monitoring_Location_Description_Text","HUC_Eight_Digit_Code"
"1","21MICH_WQX-010078",76.6103791469194,1413.6,2013-08-13,211,-83.29707,44.81367,"LAKE HURON, BLACK RIVER PUBLIC ACCESS",NA,NA,NA,NA,NA,-1,-1,-1,NA,NA,"Michigan DEQ","21MICH_WQX","LAKE HURON, BLACK RIVER PUBLIC ACCESS","Lake","",4080300
"2","21MICH_WQX-010083",22.2096951219512,770.1,2013-08-13,164,-83.32111,44.85348,"LAKE HURON, NEGWEGON STATE PARK, BEACH MONITORING STATION",NA,NA,NA,NA,NA,-1,-1,-1,NA,NA,"Michigan DEQ","21MICH_WQX","LAKE HURON, NEGWEGON STATE PARK, BEACH MONITORING STATION","Lake","",4080300
"3","21MICH_WQX-010085",30.1997142857143,690.59,2013-08-13,210,-83.27896,44.68517,"Trask Lake Road Beach",NA,NA,NA,NA,NA,-1,-1,-1,NA,NA,"Michigan DEQ","21MICH_WQX","Trask Lake Road Beach","Lake","",4080300
"4","21MICH_WQX-010100",28.3787640449438,290.9,2011-08-23,89,-83.27104,44.71298,"Lake Huron; Sturgeon Point State Park",NA,NA,NA,NA,NA,-1,-1,-1,NA,NA,"Michigan DEQ","21MICH_WQX","Lake Huron; Sturgeon Point State Park","Lake","",4080300
"5","21MICH_WQX-020110",10.18484375,156,2012-05-23,64,-86.70863,46.44366,"LAKE SUPERIOR, BAY FURNACE RECREATION AREA BEACH, BEACH MONITORING STATION",NA,NA,NA,NA,NA,-1,-1,-1,NA,NA,"Michigan DEQ","21MICH_WQX","LAKE SUPERIOR, BAY FURNACE RECREATION AREA BEACH, BEACH MONITORING STATION","Lake","",4020300
"6","21MICH_WQX-020111",12.298347826087,104,2012-09-04,115,-86.8433,46.4344,"LAKE SUPERIOR, AU TRAIN BEACH, BEACH MONITORING STATION",NA,NA,NA,NA,NA,-1,-1,-1,NA,NA,"Michigan DEQ","21MICH_WQX","LAKE SUPERIOR, AU TRAIN BEACH, BEACH MONITORING STATION","Lake","",4020300
"7","21MICH_WQX-020117",27.3208474576271,316,2012-09-04,59,-86.6591,46.41582,"LAKE SUPERIOR, MUNISING BEACH, BEACH MONITORING STATION",NA,NA,NA,NA,NA,-1,-1,-1,NA,NA,"Michigan DEQ","21MICH_WQX","LAKE SUPERIOR, MUNISING BEACH, BEACH MONITORING STATION","Lake","",4020300
"8","21MICH_WQX-020118",50,50,2007-08-02,1,-86.60679,46.4492,"LAKE SUPERIOR, SAND POINT, BEACH MONITORING STATION",NA,NA,NA,NA,NA,-1,-1,-1,NA,NA,"Michigan DEQ","21MICH_WQX","LAKE SUPERIOR, SAND POINT, BEACH MONITORING STATION","Lake","",4020300
"9","21MICH_WQX-040141",19.1208139534884,496,2013-08-26,172,-83.44711,45.04408,"LAKE HURON, MICHEKEWIS BEACH",NA,NA,NA,NA,NA,-1,-1,-1,NA,NA,"Michigan DEQ","21MICH_WQX","LAKE HURON, MICHEKEWIS BEACH","Lake","",4080300
"10","21MICH_WQX-040142",16.2814814814815,231,2013-08-26,135,-83.4379,45.05456,"LAKE HURON, THOMPSON PARK",NA,NA,NA,NA,NA,-1,-1,-1,NA,NA,"Michigan DEQ","21MICH_WQX","LAKE HURON, THOMPSON PARK","Lake","",4080300
"11","21MICH_WQX-040144",21.0785802469136,253.2,2013-08-26,162,-83.41827,44.92493,"LAKE HURON, OSSINEKE PARK",NA,NA,NA,NA,NA,-1,-1,-1,NA,NA,"Michigan DEQ","21MICH_WQX","LAKE HURON, OSSINEKE PARK","Lake","",4080300
"12","21MICH_WQX-050236",18.2272727272727,73.5,2011-09-12,11,-85.4158,44.9023,"Lake Michigan, Elk Rapids Bathing Beach",NA,NA,NA,NA,NA,-1,-1,-1,NA,NA,"Michigan DEQ","21MICH_WQX","Lake Michigan, Elk Rapids Bathing Beach","Lake","",4060200
"13","21MICH_WQX-060122",504.046981132075,2419.6,2013-06-20,53,-83.56871,44.12899,"Lake Huron; Private Shoreline Beach-Harmon City Heights",NA,NA,NA,NA,NA,-1,-1,-1,NA,NA,"Michigan DEQ","21MICH_WQX","Lake Huron; Private Shoreline Beach-Harmon City Heights","Lake","",4080300
"14","21MICH_WQX-060126",45.8594117647059,137.6,2013-04-11,17,-83.89937,43.91821,"Lake Huron; Private Shoreline Beach-Mouth of Saginaw River",NA,NA,NA,NA,NA,-1,-1,-1,NA,NA,"Michigan DEQ","21MICH_WQX","Lake Huron; Private Shoreline Beach-Mouth of Saginaw River","Lake","",4080300
"15","21MICH_WQX-060128",694.614117647059,2419.6,2013-04-11,34,-83.85358,43.97843,"Lake Huron; Private and Public Shoreline-Wigwam Bay Area",NA,NA,NA,NA,NA,-1,-1,-1,NA,NA,"Michigan DEQ","21MICH_WQX","Lake Huron; Private and Public Shoreline-Wigwam Bay Area","Lake","",4080300
"16","21MICH_WQX-060130",45.5672,166.4,2013-04-11,25,-83.81052,43.99452,"Lake Huron; Private Stretch-Greens Point",NA,NA,NA,NA,NA,-1,-1,-1,NA,NA,"Michigan DEQ","21MICH_WQX","Lake Huron; Private Stretch-Greens Point","Lake","",4080300
"17","21MICH_WQX-060132",25.1314285714286,69.7,2013-04-11,21,-83.73568,44.00504,"Lake Huron; Private Shoreline-Au Gres Boat Harbor",NA,NA,NA,NA,NA,-1,-1,-1,NA,NA,"Michigan DEQ","21MICH_WQX","Lake Huron; Private Shoreline-Au Gres Boat Harbor","Lake","",4080101
"18","21MICH_WQX-060154",54.5051724137931,488.4,2013-08-20,58,-83.58806,44.0643,"16TH STREET BEACH ON SAGINAW BAY/LAKE HURON",NA,NA,NA,NA,NA,-1,-1,-1,NA,NA,"Michigan DEQ","21MICH_WQX","16TH STREET BEACH ON SAGINAW BAY/LAKE HURON","Lake","",4080300
"19","21MICH_WQX-060155",50.5327118644068,410.6,2013-08-20,59,-83.59019,44.07013,"28TH STREET BEACH ON SAGINAW BAY/LAKE HURON",NA,NA,NA,NA,NA,-1,-1,-1,NA,NA,"Michigan DEQ","21MICH_WQX","28TH STREET BEACH ON SAGINAW BAY/LAKE HURON","Lake","",4080300
"20","21MICH_WQX-060156",116.513275862069,727,2013-08-20,58,-83.59114,44.07753,"CEMETERY BEACH ON SAGINAW BAY/LAKE HURON",NA,NA,NA,NA,NA,-1,-1,-1,NA,NA,"Michigan DEQ","21MICH_WQX","CEMETERY BEACH ON SAGINAW BAY/LAKE HURON","Lake","",4080300
"21","21MICH_WQX-100198",42.9725954198473,320,2014-08-18,131,-85.77664,45.00226,"Lake Michigan, County Road 651",NA,NA,NA,NA,NA,-1,-1,-1,NA,NA,"Michigan DEQ","21MICH_WQX","Lake Michigan, County Road 651","Lake","",4060104
"22","21MICH_WQX-100212",29.2801639344262,120,2010-08-30,61,-86.17657,44.71997,"Lake Michigan; Sleeping Bear Dunes Shoreline-Platte River",NA,NA,NA,NA,NA,-1,-1,-1,NA,NA,"Michigan DEQ","21MICH_WQX","Lake Michigan; Sleeping Bear Dunes Shoreline-Platte River","Lake","",4060200
"23","21MICH_WQX-100213",22.9180120481928,120,2014-08-26,166,-86.10474,44.73201,"Lake Michigan; Sleeping Bear Dunes Shoreline-Platte Bay South",NA,NA,NA,NA,NA,-1,-1,-1,NA,NA,"Michigan DEQ","21MICH_WQX","Lake Michigan; Sleeping Bear Dunes Shoreline-Platte Bay South","Lake","",4060200
"24","21MICH_WQX-100214",34.4974418604651,290,2010-08-25,43,-86.07729,44.76,"Lake Michigan; Sleeping Bear Dunes Shoreline South of Esch Road",NA,NA,NA,NA,NA,-1,-1,-1,NA,NA,"Michigan DEQ","21MICH_WQX","Lake Michigan; Sleeping Bear Dunes Shoreline South of Esch Road","Lake","",4060104
"25","21MICH_WQX-110698",163.297115384615,4900,2013-09-09,52,-86.67361,41.85208,"Lake Michigan, Cherry Beach",NA,NA,NA,NA,NA,-1,-1,-1,NA,NA,"Michigan DEQ","21MICH_WQX","Lake Michigan, Cherry Beach","Lake","",4060200
"26","21MICH_WQX-150207",9.785,33.9,2007-08-29,10,-85.2583,45.3181,"Lake Michigan, Mt. McSauba Beach",NA,NA,NA,NA,NA,-1,-1,-1,NA,NA,"Michigan DEQ","21MICH_WQX","Lake Michigan, Mt. McSauba Beach","Lake","",4060105
"27","21MICH_WQX-150210",47.7571428571429,162.4,2009-09-04,7,-85.51523,45.74969,"Lake Michigan, Iron Ore Bay Beach",NA,NA,NA,NA,NA,-1,-1,-1,NA,NA,"Michigan DEQ","21MICH_WQX","Lake Michigan, Iron Ore Bay Beach","Lake","",4060200
"28","21MICH_WQX-150211",38.275,130.4,2009-09-04,8,-85.51391,45.7499,"Lake Michigan, Harbor Beach",NA,NA,NA,NA,NA,-1,-1,-1,NA,NA,"Michigan DEQ","21MICH_WQX","Lake Michigan, Harbor Beach","Lake","",4060200
"29","21MICH_WQX-150227",70.925,368.1,2007-08-30,10,-85.1319,45.1534,"East Jordan Bridge",NA,NA,NA,NA,NA,-1,-1,-1,NA,NA,"Michigan DEQ","21MICH_WQX","East Jordan Bridge","Lake","",4060105
"30","21MICH_WQX-150242",38.04,92.5,2009-09-04,5,-85.56146,45.73682,"DONEGAL BAY BEACH ON BEAVER ISLAND AT ALLENS LAKEVIEW ROAD",NA,NA,NA,NA,NA,-1,-1,-1,NA,NA,"Michigan DEQ","21MICH_WQX","DONEGAL BAY BEACH ON BEAVER ISLAND AT ALLENS LAKEVIEW ROAD","Lake","",4060200
"31","21MICH_WQX-160194",43.2470542635659,1178.4,2013-08-27,129,-84.42046,45.64902,"Lake Huron, Cheboygan State Park",NA,NA,NA,NA,NA,-1,-1,-1,NA,NA,"Michigan DEQ","21MICH_WQX","Lake Huron, Cheboygan State Park","Lake","",4080300
"32","21MICH_WQX-160195",37.4758646616541,452.1,2013-08-27,133,-84.46765,45.65671,"Lake Huron, Cheboygan City Park",NA,NA,NA,NA,NA,-1,-1,-1,NA,NA,"Michigan DEQ","21MICH_WQX","Lake Huron, Cheboygan City Park","Lake","",4080300
"33","21MICH_WQX-160198",43.6402127659575,435.2,2013-08-27,141,-84.7292,45.78849,"Lake Huron, Mackinaw City Lighthouse Park",NA,NA,NA,NA,NA,-1,-1,-1,NA,NA,"Michigan DEQ","21MICH_WQX","Lake Huron, Mackinaw City Lighthouse Park","Lake","",4080300
"34","21MICH_WQX-160199",43.3972661870504,2121.3,2013-08-27,139,-84.72285,45.78335,"Lake Huron, Wawatam City Park",NA,NA,NA,NA,NA,-1,-1,-1,NA,NA,"Michigan DEQ","21MICH_WQX","Lake Huron, Wawatam City Park","Lake","",4080300
"35","21MICH_WQX-170182",30.3961290322581,410.6,2012-08-22,93,-84.05944,45.96722,"Lake Huron, Detour Albany Beach",NA,NA,NA,NA,NA,-1,-1,-1,NA,NA,"Michigan DEQ","21MICH_WQX","Lake Huron, Detour Albany Beach","Lake","",4080300
"36","21MICH_WQX-170183",25.2016486486486,488.4,2013-07-22,370,-84.78166,46.45027,"Lake Superior, Bayview Campground",NA,NA,NA,NA,NA,-1,-1,-1,NA,NA,"Michigan DEQ","21MICH_WQX","Lake Superior, Bayview Campground","Lake","",4020300
"37","21MICH_WQX-170184",31.0601288659794,816.4,2013-07-22,388,-84.75833,46.45666,"Lake Superior, Big Pines Beach",NA,NA,NA,NA,NA,-1,-1,-1,NA,NA,"Michigan DEQ","21MICH_WQX","Lake Superior, Big Pines Beach","Lake","",4020300
"38","21MICH_WQX-170189",12.6724489795918,135.4,2012-08-22,98,-83.60722,45.94056,"Lake Huron, Big Shoal Cove Beach",NA,NA,NA,NA,NA,-1,-1,-1,NA,NA,"Michigan DEQ","21MICH_WQX","Lake Huron, Big Shoal Cove Beach","Lake","",4080300
"39","21MICH_WQX-170190",34.6364485981308,547.5,2012-08-22,107,-83.78555,45.99889,"Lake Huron, Drummond Island Township Park",NA,NA,NA,NA,NA,-1,-1,-1,NA,NA,"Michigan DEQ","21MICH_WQX","Lake Huron, Drummond Island Township Park","Lake","",4080300
"40","21MICH_WQX-170265",92.4937931034483,1986.3,2012-08-22,116,-84.22139,46.32113,"Saint Marys River; Dunbar Park",NA,NA,NA,NA,NA,-1,-1,-1,NA,NA,"Michigan DEQ","21MICH_WQX","Saint Marys River; Dunbar Park","Lake","",4070001
"41","21MICH_WQX-240153",3.276,11.22,2007-08-27,10,-85.09542,45.48756,"Lake Michigan, Thorne Swift Preserve",NA,NA,NA,NA,NA,-1,-1,-1,NA,NA,"Michigan DEQ","21MICH_WQX","Lake Michigan, Thorne Swift Preserve","Lake","",4060105
"42","21MICH_WQX-310429",8.30421052631579,26.2,2013-08-14,38,-88.42749,47.17185,"Hubbell Park",NA,NA,NA,NA,NA,-1,-1,-1,NA,NA,"Michigan DEQ","21MICH_WQX","Hubbell Park","Lake","",4020103
"43","21MICH_WQX-350196",37.2124081632653,1986.3,2013-08-13,245,-83.55258,44.207,"LAKE HURON, ALABASTER TOWNSHIP, BEACH MONITORING STATION",NA,NA,NA,NA,NA,-1,-1,-1,NA,NA,"Michigan DEQ","21MICH_WQX","LAKE HURON, ALABASTER TOWNSHIP, BEACH MONITORING STATION","Lake","",4080300
"44","21MICH_WQX-350198",17.3011304347826,517.2,2013-08-13,230,-83.31865,44.50715,"Lake To Lake Rd.",NA,NA,NA,NA,NA,-1,-1,-1,NA,NA,"Michigan DEQ","21MICH_WQX","Lake To Lake Rd.","Lake","",4080300
"45","21MICH_WQX-350200",27.5664534883721,727,2013-08-13,172,-83.44021,44.2654,"County Road End.",NA,NA,NA,NA,NA,-1,-1,-1,NA,NA,"Michigan DEQ","21MICH_WQX","County Road End.","Lake","",4080300
"46","21MICH_WQX-450204",32.8535849056604,260,2010-08-30,53,-86.07792,44.79154,"Lake Michigan; Sleeping Bear Dunes Shoreline-South of Empire",NA,NA,NA,NA,NA,-1,-1,-1,NA,NA,"Michigan DEQ","21MICH_WQX","Lake Michigan; Sleeping Bear Dunes Shoreline-South of Empire","Lake","",4060104
"47","21MICH_WQX-450208",43.2425,260,2010-08-30,56,-86.06643,44.83186,"Lake Michigan; Sleeping Bear Dunes-North Bar Lake Area",NA,NA,NA,NA,NA,-1,-1,-1,NA,NA,"Michigan DEQ","21MICH_WQX","Lake Michigan; Sleeping Bear Dunes-North Bar Lake Area","Lake","",4060200
"48","21MICH_WQX-450210",45.3513725490196,330,2014-08-18,102,-86.0346,44.9107,"Lake Michigan; Sleeping Bear Dunes-Glen Haven Beach",NA,NA,NA,NA,NA,-1,-1,-1,NA,NA,"Michigan DEQ","21MICH_WQX","Lake Michigan; Sleeping Bear Dunes-Glen Haven Beach","Lake","",4060200
"49","21MICH_WQX-450211",31.5323529411765,200,2014-08-18,102,-86.02732,44.9053,"Lake Michigan; Sleeping Bear Dunes-Glen Haven",NA,NA,NA,NA,NA,-1,-1,-1,NA,NA,"Michigan DEQ","21MICH_WQX","Lake Michigan; Sleeping Bear Dunes-Glen Haven","Lake","",4060200
"50","21MICH_WQX-450214",60.6284615384615,450,2014-08-25,117,-85.87267,44.93988,"Lake Michigan; Sleeping Bear Dunes-Good Harbor Bay Beach West",NA,NA,NA,NA,NA,-1,-1,-1,NA,NA,"Michigan DEQ","21MICH_WQX","Lake Michigan; Sleeping Bear Dunes-Good Harbor Bay Beach West","Lake","",4060200
"51","21MICH_WQX-490135",48.0448760330579,1553.1,2012-09-11,121,-84.71803,45.84864,"Straits State Park",NA,NA,NA,NA,NA,-1,-1,-1,NA,NA,"Michigan DEQ","21MICH_WQX","Straits State Park","Lake","",4080300
"52","21MICH_WQX-490138",52.9822413793103,1119.9,2012-09-11,116,-84.72004,45.86686,"American Legion Memorial Park",NA,NA,NA,NA,NA,-1,-1,-1,NA,NA,"Michigan DEQ","21MICH_WQX","American Legion Memorial Park","Lake","",4080300
"53","21MICH_WQX-490145",115.17406779661,2419.6,2012-09-11,118,-84.95675,45.97287,"US 2 Roadside/Campground",NA,NA,NA,NA,NA,-1,-1,-1,NA,NA,"Michigan DEQ","21MICH_WQX","US 2 Roadside/Campground","Lake","",4060107
"54","21MICH_WQX-490148",150.515,1413.6,2012-09-11,136,-84.75507,45.83973,"Sand Point",NA,NA,NA,NA,NA,-1,-1,-1,NA,NA,"Michigan DEQ","21MICH_WQX","Sand Point","Lake","",4060107
"55","21MICH_WQX-500476",424.035653798257,2419.6,2011-09-28,803,-82.88147,42.47332,"Lake Saint Clair, SCS Blossom Heath Beach",NA,NA,NA,NA,NA,-1,-1,-1,NA,NA,"Michigan DEQ","21MICH_WQX","Lake Saint Clair, SCS Blossom Heath Beach","Lake","",4090002
"56","21MICH_WQX-550160",4.4375,5.2,2012-06-26,4,-87.3616,45.3951,"Lake Michigan, Wells State Park",NA,NA,NA,NA,NA,-1,-1,-1,NA,NA,"Michigan DEQ","21MICH_WQX","Lake Michigan, Wells State Park","Lake","",4030109
"57","21MICH_WQX-580463",31,104,2008-06-23,5,-83.3978,41.9164,"LAKE ERIE, NORTH CAPE YACHT CLUB, BEACH MONITORING STATION",NA,NA,NA,NA,NA,-1,-1,-1,NA,NA,"Michigan DEQ","21MICH_WQX","LAKE ERIE, NORTH CAPE YACHT CLUB, BEACH MONITORING STATION","Lake","",4100002
"58","21MICH_WQX-610672",83.6666666666667,155,2011-08-17,3,-86.28929,43.15027,"Lake Michigan; Private Shoreline Beach-South of Lake Harbor Park",NA,NA,NA,NA,NA,-1,-1,-1,NA,NA,"Michigan DEQ","21MICH_WQX","Lake Michigan; Private Shoreline Beach-South of Lake Harbor Park","Lake","",4060200
"59","21MICH_WQX-640241",95.69640625,1300,2009-07-13,64,-86.53857,43.65763,"Silver Lake-Lake Michigan, Silver Creek Channel",NA,NA,NA,NA,NA,-1,-1,-1,NA,NA,"Michigan DEQ","21MICH_WQX","Silver Lake-Lake Michigan, Silver Creek Channel","River/Stream","",4060101
"60","21MICH_WQX-640303",2.1775,5,2009-07-13,4,-86.47422,43.73318,"Lake Michigan; Cedar Point County Park",NA,NA,NA,NA,NA,-1,-1,-1,NA,NA,"Michigan DEQ","21MICH_WQX","Lake Michigan; Cedar Point County Park","Lake","",4060200
"61","21MICH_WQX-700593",45.4108544303798,1414,2013-08-27,316,-86.21393,42.88203,"LAKE MICHIGAN, KOUW PARK, BEACH MONITORING STATION",NA,NA,NA,NA,NA,-1,-1,-1,NA,NA,"Michigan DEQ","21MICH_WQX","LAKE MICHIGAN, KOUW PARK, BEACH MONITORING STATION","Lake","",4050002
"62","21MICH_WQX-710093",16.1342857142857,61.7,2009-09-08,14,-83.87843,45.4651,"Lake Huron, Hoeft State Park",NA,NA,NA,NA,NA,-1,-1,-1,NA,NA,"Michigan DEQ","21MICH_WQX","Lake Huron, Hoeft State Park","Lake","",4080300
"63","21MICH_WQX-710095",18.6782389937107,214.97,2013-08-28,159,-83.81035,45.42101,"Lake Huron, Lakeside Park",NA,NA,NA,NA,NA,-1,-1,-1,NA,NA,"Michigan DEQ","21MICH_WQX","Lake Huron, Lakeside Park","Lake","",4080300
"64","21MICH_WQX-710096",2.85790849673203,106,2013-08-21,153,-83.48805,45.34116,"LAKE HURON, PRESQUE ISLE HARBOR BEACH, BEACH MONITORING STATION",NA,NA,NA,NA,NA,-1,-1,-1,NA,NA,"Michigan DEQ","21MICH_WQX","LAKE HURON, PRESQUE ISLE HARBOR BEACH, BEACH MONITORING STATION","Lake","",4080300
"65","21MICH_WQX-710123",10.624,148,2013-08-21,145,-83.87573,45.46217,"Hoeft State Park",NA,NA,NA,NA,NA,-1,-1,-1,NA,NA,"Michigan DEQ","21MICH_WQX","Hoeft State Park","Lake","",4080300
"66","21MICH_WQX-710124",3.6,3.6,2008-06-03,1,-83.811575,45.421695,"Lakeside Park Beach",NA,NA,NA,NA,NA,-1,-1,-1,NA,NA,"Michigan DEQ","21MICH_WQX","Lakeside Park Beach","Lake","",4080300
"67","21MICH_WQX-710127",1.2,1.2,2008-06-03,1,-83.48203,45.34262,"Presque Isle Harbor",NA,NA,NA,NA,NA,-1,-1,-1,NA,NA,"Michigan DEQ","21MICH_WQX","Presque Isle Harbor","Lake","",4080300
"68","21MICH_WQX-740400",43.7143534482759,1299.7,2014-08-25,464,-82.4623,43.0644,"Lake Huron, Lakeport State Park",NA,NA,NA,NA,NA,-1,-1,-1,NA,NA,"Michigan DEQ","21MICH_WQX","Lake Huron, Lakeport State Park","Lake","",4080104
"69","21MICH_WQX-740403",8.76540481400438,137.4,2014-08-25,457,-82.4946,42.7303,"Saint Clair River, Marine City Diving Area",NA,NA,NA,NA,NA,-1,-1,-1,NA,NA,"Michigan DEQ","21MICH_WQX","Saint Clair River, Marine City Diving Area","River/Stream","",4090001
"70","21MICH_WQX-740405",37.9273568281938,727,2014-08-25,454,-82.4694,43.0932,"Lake Huron, Jeddo Road Beach",NA,NA,NA,NA,NA,-1,-1,-1,NA,NA,"Michigan DEQ","21MICH_WQX","Lake Huron, Jeddo Road Beach","Lake","",4080300
"71","21MICH_WQX-740406",22.2224628450106,365.4,2014-08-25,471,-82.4662,43.0845,"Lake Huron, Burtchville Township Park",NA,NA,NA,NA,NA,-1,-1,-1,NA,NA,"Michigan DEQ","21MICH_WQX","Lake Huron, Burtchville Township Park","Lake","",4080300
"72","21MICH_WQX-740410",72.4676857749469,1986.3,2014-08-25,471,-82.4302,43.0158,"Lake Huron, Krafft Road Beach",NA,NA,NA,NA,NA,-1,-1,-1,NA,NA,"Michigan DEQ","21MICH_WQX","Lake Huron, Krafft Road Beach","Lake","",4080300
"73","21MICH_WQX-740411",31.9882705099778,613.1,2014-08-25,451,-82.46863,43.08344,"Lake Huron, Metcalf Road Beach",NA,NA,NA,NA,NA,-1,-1,-1,NA,NA,"Michigan DEQ","21MICH_WQX","Lake Huron, Metcalf Road Beach","Lake","",4080300
"74","21MICH_WQX-740413",30.1696696035242,2419.2,2014-08-25,454,-82.4623,43.0673,"Lake Huron, Washington Street Park",NA,NA,NA,NA,NA,-1,-1,-1,NA,NA,"Michigan DEQ","21MICH_WQX","Lake Huron, Washington Street Park","Lake","",4080300
"75","21MICH_WQX-770098",68.7412429378531,2265.57,2013-06-11,177,-86.31748,45.91443,"LAKE MICHIGAN, ROADSIDE PARK BEACH, BEACH MONITORING STATION",NA,NA,NA,NA,NA,-1,-1,-1,NA,NA,"Michigan DEQ","21MICH_WQX","LAKE MICHIGAN, ROADSIDE PARK BEACH, BEACH MONITORING STATION","Lake","",4030112
"76","21MICH_WQX-770100",116.16691011236,1986.3,2013-09-10,178,-86.15136,45.95394,"LAKE MICHIGAN, MANISTIQUE TOWNSHIP PARK, BEACH MONITORING STATION",NA,NA,NA,NA,NA,-1,-1,-1,NA,NA,"Michigan DEQ","21MICH_WQX","LAKE MICHIGAN, MANISTIQUE TOWNSHIP PARK, BEACH MONITORING STATION","Lake","",4060107
"77","21MICH_WQX-821497",342.539411764706,2757,2009-08-31,68,-82.8919,42.4092,"LAKE SAINT CLAIR, CRESCENT SAIL YACHT CLUB, BEACH MONITORING STATION",NA,NA,NA,NA,NA,-1,-1,-1,NA,NA,"Michigan DEQ","21MICH_WQX","LAKE SAINT CLAIR, CRESCENT SAIL YACHT CLUB, BEACH MONITORING STATION","Lake","",4090002
"78","BMIC_WQX-BB",4.86666666666667,20.1,2014-06-18,9,-84.596314,46.440075,"Back Bay",NA,NA,NA,NA,NA,-1,-1,-1,NA,NA,"Bay Mills Indian Community","BMIC_WQX","Back Bay","Great Lake","Back Bay is part of the Bay Mills Whitefish Bay Reserve.  This site is sampled near the area seeded for wild rice.",4070001
"79","BMIC_WQX-BBDP",5.4875,17.5,2014-09-09,16,-84.576922,46.428729,"Back Bay Deep",NA,NA,NA,NA,NA,-1,-1,-1,NA,NA,"Bay Mills Indian Community","BMIC_WQX","Back Bay Deep","Great Lake","Back Bay is part of the Bay Mills Whitefish Bay Reserve.  This site is sampled in the deepest part of the bay.",4070001
"80","BMIC_WQX-BBWR",52.1875,601.5,2014-09-09,16,-84.575645,46.415955,"Back Bay Waiskey River",NA,NA,NA,NA,NA,-1,-1,-1,NA,NA,"Bay Mills Indian Community","BMIC_WQX","Back Bay Waiskey River","Great Lake","Back Bay is part of the Bay Mills Whitefish Bay Reserve.  This site is sampled at the inlet of a 5th order stream that drains agricultural lands.",4070001
"81","BMIC_WQX-BP1",125.894117647059,1413.6,2014-08-27,34,-84.59838,46.45132,"Ballpark 1",NA,NA,NA,NA,NA,-1,-1,-1,NA,NA,"Bay Mills Indian Community","BMIC_WQX","Ballpark 1","Great Lake","This beach is near the Bay Mills Ball field, is part of an RV Park, and site of festivals and pow wow.  Site 1 is sampled at the west end of the swimming area.",4070001
"82","BMIC_WQX-BP_1",157.479,1986.3,2011-08-31,100,-84.59838,46.45132,"Ballpark_1",NA,NA,NA,NA,NA,-1,-1,-1,NA,NA,"Bay Mills Indian Community","BMIC_WQX","Ballpark_1","Great Lake","",4070001
"83","BMIC_WQX-BP2",152.41935483871,1732.9,2014-08-27,31,-84.59739,46.45056,"Ballpark 2",NA,NA,NA,NA,NA,-1,-1,-1,NA,NA,"Bay Mills Indian Community","BMIC_WQX","Ballpark 2","Great Lake","This beach is near the Bay Mills Ball field, is part of an RV Park, and site of festivals and pow wow.  Site 2 is sampled in the middle of the swimming area.",4070001
"84","BMIC_WQX-BP_2",130.903448275862,2419.6,2011-08-31,87,-84.59739,46.45056,"Ballpark_2",NA,NA,NA,NA,NA,-1,-1,-1,NA,NA,"Bay Mills Indian Community","BMIC_WQX","Ballpark_2","Great Lake","",4070001
"85","BMIC_WQX-BP3",99.9515151515152,1732.9,2014-08-27,33,-84.59628,46.44968,"Ballpark 3",NA,NA,NA,NA,NA,-1,-1,-1,NA,NA,"Bay Mills Indian Community","BMIC_WQX","Ballpark 3","Great Lake","This beach is near the Bay Mills Ball field, is part of an RV Park, and site of festivals and pow wow.  Site 3 is sampled at the east end of the swimming area.",4070001
"86","BMIC_WQX-BP_3",111.745348837209,2419.6,2011-08-31,86,-84.59628,46.44968,"Ballpark_3",NA,NA,NA,NA,NA,-1,-1,-1,NA,NA,"Bay Mills Indian Community","BMIC_WQX","Ballpark_3","Great Lake","",4070001
"87","BMIC_WQX-BP_A",14.7,17.3,2008-08-21,3,-84.59838,46.45177,"Ballpark_A",NA,NA,NA,NA,NA,-1,-1,-1,NA,NA,"Bay Mills Indian Community","BMIC_WQX","Ballpark_A","Great Lake","",4070001
"88","BMIC_WQX-CCPOND",145.241176470588,980.4,2013-11-06,17,-84.607908,46.455118,"Community College Pond",NA,NA,NA,NA,NA,-1,-1,-1,NA,NA,"Bay Mills Indian Community","BMIC_WQX","Community College Pond","Lake","The Community College Pond is surrounded by steep sides on the north, west, and south sides.  The east side is a swamp that leads to the beach of the St. Mary's River.",4070001
"89","BMIC_WQX-CLUBAB",174.294736842105,920.8,2014-09-03,19,-84.615126,46.411164,"Club Creek Above",NA,NA,NA,NA,NA,-1,-1,-1,NA,NA,"Bay Mills Indian Community","BMIC_WQX","Club Creek Above","River/Stream","Club Creek Above is a 2nd order stream and is sampled above the Wild Bluff Golf Course.",4070001
"90","BMIC_WQX-CLUBBL",109.733333333333,488.4,2014-09-03,18,-84.599581,46.413503,"Club Creek Below",NA,NA,NA,NA,NA,-1,-1,-1,NA,NA,"Bay Mills Indian Community","BMIC_WQX","Club Creek Below","River/Stream","Club Creek Below is a 2nd order stream and is sampled below the Wild Bluff Golf Course.",4070001
"91","BMIC_WQX-DEEP",20.94,62.4,2014-09-02,5,-84.604571,46.442276,"Deep Creek",NA,NA,NA,NA,NA,-1,-1,-1,NA,NA,"Bay Mills Indian Community","BMIC_WQX","Deep Creek","River/Stream","Deep Creek is a first order stream and is a stained creek that originates in the Wetland Preserve.  There are no houses near this creek.",4070001
"92","BMIC_WQX-GUM1",56.0290322580645,203.5,2014-08-27,31,-84.61024,46.46178,"Gumshoe 1",NA,NA,NA,NA,NA,-1,-1,-1,NA,NA,"Bay Mills Indian Community","BMIC_WQX","Gumshoe 1","Great Lake","Gumshoe is an RV park located on the Upper St. Marys River.  Site 1 is sampled at the west end of the swimming area.",4070001
"93","BMIC_WQX-GUM_1",66.3703703703704,816.4,2011-08-31,81,-84.61024,46.46178,"Gumshoe_1",NA,NA,NA,NA,NA,-1,-1,-1,NA,NA,"Bay Mills Indian Community","BMIC_WQX","Gumshoe_1","Great Lake","",4070001
"94","BMIC_WQX-GUM2",48.4379310344828,261.3,2014-08-27,29,-84.60982,46.46107,"Gumshoe 2",NA,NA,NA,NA,NA,-1,-1,-1,NA,NA,"Bay Mills Indian Community","BMIC_WQX","Gumshoe 2","Great Lake","Gumshoe is an RV park located on the Upper St. Marys River.  Site 2 is sampled in the middle of the swimming area.",4070001
"95","BMIC_WQX-GUM_2",70.7732394366197,1203.3,2011-08-31,71,-84.60982,46.46107,"Gumshoe_2",NA,NA,NA,NA,NA,-1,-1,-1,NA,NA,"Bay Mills Indian Community","BMIC_WQX","Gumshoe_2","Great Lake","",4070001
"96","BMIC_WQX-GUM3",47.5290322580645,344.8,2014-08-27,31,-84.60965,46.46053,"Gumshoe 3",NA,NA,NA,NA,NA,-1,-1,-1,NA,NA,"Bay Mills Indian Community","BMIC_WQX","Gumshoe 3","Great Lake","Gumshoe is an RV park located on the Upper St. Marys River.  Site 3 is sampled at the east end of the swimming area.",4070001
"97","BMIC_WQX-GUM_3",77.0291666666667,920.8,2011-08-23,72,-84.60965,46.46053,"Gumshoe_3",NA,NA,NA,NA,NA,-1,-1,-1,NA,NA,"Bay Mills Indian Community","BMIC_WQX","Gumshoe_3","Great Lake","",4070001
"98","BMIC_WQX-LNGMSH",14.46,18.1,2012-06-18,5,-84.616688,46.456663,"Long_Marsh",NA,NA,NA,NA,NA,-1,-1,-1,NA,NA,"Bay Mills Indian Community","BMIC_WQX","Long_Marsh","Wetland Palustrine-Emergent","",4070001
"99","BMIC_WQX-LONGM",4.65,5.2,2013-11-06,2,-84.616688,46.456663,"Long Marsh",NA,NA,NA,NA,NA,-1,-1,-1,NA,NA,"Bay Mills Indian Community","BMIC_WQX","Long Marsh","Wetland Palustrine-Emergent","Long Marsh is not part of the Bay Mills Wetland Preserve.  The wetland is an important cranberry and blueberry collection area.",4070001
"100","BMIC_WQX-LWAB",206.777777777778,920.8,2014-09-15,18,-84.60338,46.403616,"Little Waishkey Above",NA,NA,NA,NA,NA,-1,-1,-1,NA,NA,"Bay Mills Indian Community","BMIC_WQX","Little Waishkey Above","River/Stream","The Little Waishkey Above is a 2nd order stream that is sampled above an NPDES permited sewage lagoon output.",4070001
"101","BMIC_WQX-LWBL",304.733333333333,1413.6,2014-09-15,18,-84.603423,46.403682,"Little Waishkey Below",NA,NA,NA,NA,NA,-1,-1,-1,NA,NA,"Bay Mills Indian Community","BMIC_WQX","Little Waishkey Below","River/Stream","The Little Waishkey Below is a 2nd order stream that is sampled below an NPDES permited sewage lagoon output.",4070001
"102","BMIC_WQX-MONLK",1.5,2,2013-09-09,4,-84.642513,46.471074,"Monocle Lake",NA,NA,NA,NA,NA,-1,-1,-1,NA,NA,"Bay Mills Indian Community","BMIC_WQX","Monocle Lake","Lake","Monocle Lake is hydrologically connected to Spectacle Lake an important rice lake for the community.  Monocle Lake is also an important sport fishery for bass, perch, and walleye.",4070001
"103","BMIC_WQX-NPOND",15.7733333333333,69.5,2013-11-06,15,-84.61256,46.46154,"North Pond",NA,NA,NA,NA,NA,-1,-1,-1,NA,NA,"Bay Mills Indian Community","BMIC_WQX","North Pond","Lake","North Pond is a fen that has no houses on the shoreline, but a few houses near the pond.  The east end of the pond has a buffer of trees then Gumshoes RV Park and Campground.",4070001
"104","BMIC_WQX-PAR1",263.473684210526,920.8,2014-09-03,19,-84.60115,46.4210467,"Parish Creek 1",NA,NA,NA,NA,NA,-1,-1,-1,NA,NA,"Bay Mills Indian Community","BMIC_WQX","Parish Creek 1","River/Stream","Parish Creek 1 is a 2nd order stream and is sampled near the parking lot of the Bay Mills Casino and Resort.",4070001
"105","BMIC_WQX-PAR2",216.355555555556,1046.2,2014-09-03,18,-84.6026,46.4210467,"Parish Creek 2",NA,NA,NA,NA,NA,-1,-1,-1,NA,NA,"Bay Mills Indian Community","BMIC_WQX","Parish Creek 2","River/Stream","Parish Creek 2 is a 2nd order stream and is sampled near a parking lot drainage system.",4070001
"106","BMIC_WQX-PARAB",73.3166666666667,410.6,2014-09-03,18,-84.610111,46.420782,"Parish Creek Above",NA,NA,NA,NA,NA,-1,-1,-1,NA,NA,"Bay Mills Indian Community","BMIC_WQX","Parish Creek Above","River/Stream","Parish Creek Above is a 2nd order stream and is sampled above the Wild Bluff Golf Course.",4070001
"107","BMIC_WQX-PARBL",240.845,770.1,2014-09-03,20,-84.604846,46.421351,"Parish Creek Below",NA,NA,NA,NA,NA,-1,-1,-1,NA,NA,"Bay Mills Indian Community","BMIC_WQX","Parish Creek Below","River/Stream","Parish Creek Below is a 2nd order stream and is sampled below the Wild Bluff Golf Course.",4070001
"108","BMIC_WQX-PONTY",902.55,2419.6,2014-09-02,4,-84.60059,46.41869,"Pontys Creek",NA,NA,NA,NA,NA,-1,-1,-1,NA,NA,"Bay Mills Indian Community","BMIC_WQX","Pontys Creek","River/Stream","Pontys Creek is a first order stream and is sampled below the golf course and where there is sediment deposition from upstream erosion.",4070001
"109","BMIC_WQX-PONTYS",313.1,1119.9,2011-06-14,10,-84.60059,46.41869,"Pontys Creek",NA,NA,NA,NA,NA,-1,-1,-1,NA,NA,"Bay Mills Indian Community","BMIC_WQX","Pontys Creek","River/Stream","Pontys Creek is a first order stream and is sampled below the golf course and where there is sediment deposition from upstream erosion.",4070001
"110","BMIC_WQX-SMRSH",25.8857142857143,235.9,2012-09-05,14,-84.602009,46.452935,"Saint Mary's River Shore",NA,NA,NA,NA,NA,-1,-1,-1,NA,NA,"Bay Mills Indian Community","BMIC_WQX","Saint Mary's River Shore","Great Lake","St. Mary's River is sampled at the shoreline of a populated area with septic tanks.",4070001
"111","BMIC_WQX-SPECLK",17.7352941176471,178.9,2014-09-02,17,-84.630318,46.460747,"Spectacle Lake",NA,NA,NA,NA,NA,-1,-1,-1,NA,NA,"Bay Mills Indian Community","BMIC_WQX","Spectacle Lake","Lake","Spectacle Lake has one unpopulated basin located on the Reservation where the sample is taken.  The other basin is not sampled and has a few houses.  The rest of the lakeshore is owned by the forest service.",4070001
"112","BMIC_WQX-SPOND",35.6928571428571,178.9,2013-09-09,14,-84.60629,46.45236,"South Pond",NA,NA,NA,NA,NA,-1,-1,-1,NA,NA,"Bay Mills Indian Community","BMIC_WQX","South Pond","Lake","South Pond is a stained pond bordered by a swamp on the west side and a road on the east.  South Pond is the most populated inland pond/lake on the reservation.",4070001
"113","BMIC_WQX-SUGIS",2.36666666666667,7.3,2013-06-13,9,-84.216153,46.381761,"Sugar Island",NA,NA,NA,NA,NA,-1,-1,-1,NA,NA,"Bay Mills Indian Community","BMIC_WQX","Sugar Island","Great Lake","St. Mary's River is sampled above Sugar Island Lands in the middle of the shipping channel.   This site is located downstream from a bi-national Area of Concern.",4070001
"114","BMIC_WQX-WET1",150.823529411765,686.7,2013-09-05,17,-84.611531,46.430236,"Wetland 1",NA,NA,NA,NA,NA,-1,-1,-1,NA,NA,"Bay Mills Indian Community","BMIC_WQX","Wetland 1","Wetland Palustrine-Shrub-Scrub","Wetland 1 is part of the Bay Mills Wetland Preserve and is sampled in a slow flowing spring near an old dump site.",4070001
"115","BMIC_WQX-WET2",217.884615384615,1203.3,2013-11-06,13,-84.611092,46.43004,"Wetland 2",NA,NA,NA,NA,NA,-1,-1,-1,NA,NA,"Bay Mills Indian Community","BMIC_WQX","Wetland 2","Wetland Palustrine-Emergent","Wetland 2 is part of the Bay Mills Wetland Preserve and is sampled in a intermittently wet area that is used by recreational ORVs.",4070001
"116","BMIC_WQX-WET3",175.44,686.7,2013-10-06,15,-84.603977,46.448631,"Wetland 3",NA,NA,NA,NA,NA,-1,-1,-1,NA,NA,"Bay Mills Indian Community","BMIC_WQX","Wetland 3","Wetland Palustrine-Forested","Wetland 3 is part of the Bay Mills Wetland Preserve and is sampled due to its convenient location and water level.  The water level in wetland 3 is the highest of the 3 wetland sites.",4070001
"117","BMIC_WQX-WHARF1",240.5,1203.3,2014-06-10,6,-84.603125,46.424392,"Wharf 1",NA,NA,NA,NA,NA,-1,-1,-1,NA,NA,"Bay Mills Indian Community","BMIC_WQX","Wharf 1","Great Lake","Boat docking area in need of shoreline restoration.",4070001
"118","BMIC_WQX-WHARF2",203.175,613.1,2013-09-05,4,-84.602744,46.425192,"Wharf 2",NA,NA,NA,NA,NA,-1,-1,-1,NA,NA,"Bay Mills Indian Community","BMIC_WQX","Wharf 2","Great Lake","Boat docking area in need of shoreline restoration.",4070001
"119","BMIC_WQX-WR",143.605882352941,870.4,2014-09-09,17,-84.571591,46.41134,"Waishkey River",NA,NA,NA,NA,NA,-1,-1,-1,NA,NA,"Bay Mills Indian Community","BMIC_WQX","Waishkey River","River/Stream","The Waishkey River is a 5th order stream that is the largest inlet to Back Bay.  The river and its tributaries run through mostly argricultural and forested land.",4070001
"120","BMIC_WQX-WR1A",491.1,866.4,2014-10-21,3,-84.545694,46.375518,"Waishkey River 1A",NA,NA,NA,NA,NA,-1,-1,-1,NA,NA,"Bay Mills Indian Community","BMIC_WQX","Waishkey River 1A","River/Stream","Waishkey River sampled just downstream of the confluence of Besseau Creek.  WR1a is also sampled directly downstream of the M28 road-crossing.",4070001
"121","BMIC_WQX-WR1B",51.55,60.9,2014-10-21,2,-84.543022,46.378946,"Waishkey River 1B",NA,NA,NA,NA,NA,-1,-1,-1,NA,NA,"Bay Mills Indian Community","BMIC_WQX","Waishkey River 1B","River/Stream","Waishkey River sampled just upstream of a tributary that may drain a private sewage lagoon.  Sampled just downstream of WR1a.",4070001
"122","BMIC_WQX-WR1C",59.75,65.7,2014-10-21,2,-84.542984,46.379342,"Waishkey River 1C",NA,NA,NA,NA,NA,-1,-1,-1,NA,NA,"Bay Mills Indian Community","BMIC_WQX","Waishkey River 1C","River/Stream","Waishkey River sampled directly downstream of WR1b and a tributary that may drain a private sewage lagoon.",4070001
"123","BMIC_WQX-WR2A",14.85,21.1,2014-09-09,2,-84.555379,46.402956,"Waishkey River 2A",NA,NA,NA,NA,NA,-1,-1,-1,NA,NA,"Bay Mills Indian Community","BMIC_WQX","Waishkey River 2A","River/Stream","Waishkey River Sampled directly upstream of confluence with Orrus Creek.",4070001
"124","BMIC_WQX-WR2B",21.35,22.8,2014-09-09,2,-84.557991,46.405008,"Waishkey River 2B",NA,NA,NA,NA,NA,-1,-1,-1,NA,NA,"Bay Mills Indian Community","BMIC_WQX","Waishkey River 2B","River/Stream","Waishkey River Sampled directly downstream of confluence with Orrus Creek.",4070001
"125","BMIC_WQX-WR3",346.35,658.6,2014-08-28,2,-84.525968,46.402148,"Waishkey River 3",NA,NA,NA,NA,NA,-1,-1,-1,NA,NA,"Bay Mills Indian Community","BMIC_WQX","Waishkey River 3","River/Stream","East Branch of the Waishkey River sampled directly upstream to the confluence with the West Branch of the Waishkey River.",4070001
"126","BMIC_WQX-WR4",302.133333333333,816.4,2014-10-21,3,-84.52783,46.401412,"Waishkey River 4",NA,NA,NA,NA,NA,-1,-1,-1,NA,NA,"Bay Mills Indian Community","BMIC_WQX","Waishkey River 4","River/Stream","West Branch of the Waishkey River sampled directly upstream to the confluence with the East Branch of the Waishkey River.",4070001
"127","BMIC_WQX-WR5",321.266666666667,727,2014-10-21,3,-84.468225,46.369937,"Waishkey River 5",NA,NA,NA,NA,NA,-1,-1,-1,NA,NA,"Bay Mills Indian Community","BMIC_WQX","Waishkey River 5","River/Stream","South Branch of the East Branch of the WR, sampled at S. Touri Rd., downstream of the town of Dafter, Michigan.",4070001
"128","BMIC_WQX-WR6",954.7,1986.3,2014-10-21,4,-84.437896,46.346012,"Waishkey River 6",NA,NA,NA,NA,NA,-1,-1,-1,NA,NA,"Bay Mills Indian Community","BMIC_WQX","Waishkey River 6","River/Stream","Headwaters of the South Branch of the East Branch of the WR, sampled at 11 Mile Rd.",4070001
"129","BMIC_WQX-WR7",946.26,2419.6,2014-10-21,5,-84.467642,46.418651,"Waishkey River 7",NA,NA,NA,NA,NA,-1,-1,-1,NA,NA,"Bay Mills Indian Community","BMIC_WQX","Waishkey River 7","River/Stream","South Branch of the East Branch of the WR, sampled just upstream of the confluence to E Branch.",4070001
"130","BMIC_WQX-WR8",187.95,325.5,2014-10-21,2,-84.551656,46.373517,"Waishkey River 8",NA,NA,NA,NA,NA,-1,-1,-1,NA,NA,"Bay Mills Indian Community","BMIC_WQX","Waishkey River 8","River/Stream","Confluence of Besseau Creek and South Branch of Besseau Creek; Sampled at S. Bound Rd.",4070001
"131","BMIC_WQX-WR9",442.8,755.6,2014-10-21,3,-84.59259,46.333919,"Waishkey River 9",NA,NA,NA,NA,NA,-1,-1,-1,NA,NA,"Bay Mills Indian Community","BMIC_WQX","Waishkey River 9","River/Stream","South Branch of the WR, sampled at confluence of two major tributaries at Tilton Rd.",4070001
"132","USGS-04040000",129.444444444444,920,2011-09-13,9,-89.207086,46.7207742,"ONTONAGON RIVER NEAR ROCKLAND, MI",NA,NA,NA,NA,NA,-1,-1,-1,NA,NA,"USGS Michigan Water Science Center","USGS-MI","ONTONAGON RIVER NEAR ROCKLAND, MI","Stream","",4020102
"133","USGS-04095995",460,690,2003-09-02,2,-86.4750183,41.8731003,"E BRANCH GALIEN RIVER AT GARDNER RD NR GLENDORA,MI",NA,NA,NA,NA,NA,-1,-1,-1,NA,NA,"USGS Michigan Water Science Center","USGS-MI","E BRANCH GALIEN RIVER AT GARDNER RD NR GLENDORA,MI","Stream","",4040001
"134","USGS-04096015",5690,11000,2003-09-02,2,-86.5750216,41.8736544,"GALIEN RIVER NEAR SAWYER, MI",NA,NA,NA,NA,NA,-1,-1,-1,NA,NA,"USGS Michigan Water Science Center","USGS-MI","GALIEN RIVER NEAR SAWYER, MI","Stream","",4040001
"135","USGS-04101500",436.333333333333,1400,2011-08-24,6,-86.2597325,41.8292138,"ST. JOSEPH RIVER AT NILES, MI",NA,NA,NA,NA,NA,-1,-1,-1,NA,NA,"USGS Michigan Water Science Center","USGS-MI","ST. JOSEPH RIVER AT NILES, MI","Stream","",4050001
"136","USGS-04101501",60,60,2003-08-18,1,-86.2597325,41.8292138,"ST. JOSEPH RIVER AT NILES, MI (AUXILIARY)",NA,NA,NA,NA,NA,-1,-1,-1,NA,NA,"USGS Michigan Water Science Center","USGS-MI","ST. JOSEPH RIVER AT NILES, MI (AUXILIARY)","Stream","",4050001
"137","USGS-04102324",140,140,2003-08-18,1,-85.9683518,42.2586493,"PAW PAW RIVER AT 44TH AVENUE NEAR PAW PAW, MI",NA,NA,NA,NA,NA,-1,-1,-1,NA,NA,"USGS Michigan Water Science Center","USGS-MI","PAW PAW RIVER AT 44TH AVENUE NEAR PAW PAW, MI","Stream","",4050001
"138","USGS-04102500",934.857142857143,4800,2011-10-04,7,-86.3689124,42.1864268,"PAW PAW RIVER AT RIVERSIDE, MI",NA,NA,NA,NA,NA,-1,-1,-1,NA,NA,"USGS Michigan Water Science Center","USGS-MI","PAW PAW RIVER AT RIVERSIDE, MI","Stream","",4050001
"139","USGS-04102521",200,200,2003-08-19,1,-86.455023,42.125595,"PAW PAW RIVER AT BENTON HARBOR, MI",NA,NA,NA,NA,NA,-1,-1,-1,NA,NA,"USGS Michigan Water Science Center","USGS-MI","PAW PAW RIVER AT BENTON HARBOR, MI","Stream","",4050001
"140","USGS-04119400",148,290,2011-08-02,5,-86.0264354,43.0241884,"GRAND RIVER NEAR EASTMANVILLE, MI",NA,NA,NA,NA,NA,-1,-1,-1,NA,NA,"USGS Michigan Water Science Center","USGS-MI","GRAND RIVER NEAR EASTMANVILLE, MI","Stream","",4050006
"141","USGS-04120478",775,1400,1999-08-03,2,-84.7872535,44.4969598,"BIG CREEK AT DEADSTREAM ROAD NEAR ROSCOMMON, MI",NA,NA,NA,NA,NA,-1,-1,-1,NA,NA,"USGS Michigan Water Science Center","USGS-MI","BIG CREEK AT DEADSTREAM ROAD NEAR ROSCOMMON, MI","Stream","",4060102
"142","USGS-04120481",409,700,1999-08-03,4,-84.775864,44.4966823,"BIG CREEK AT MOUTH NEAR ROSCOMMON, MI",NA,NA,NA,NA,NA,-1,-1,-1,NA,NA,"USGS Michigan Water Science Center","USGS-MI","BIG CREEK AT MOUTH NEAR ROSCOMMON, MI","Stream","",4060102
"143","USGS-04121970",23,23,2011-04-06,1,-85.6653239,43.4347456,"MUSKEGON RIVER NEAR CROTON, MI",NA,NA,NA,NA,NA,-1,-1,-1,NA,NA,"USGS Michigan Water Science Center","USGS-MI","MUSKEGON RIVER NEAR CROTON, MI","Stream","",4060102
"144","USGS-04137500",2,2,2011-09-13,2,-83.4338609,44.4364045,"AU SABLE RIVER NEAR AU SABLE, MI",NA,NA,NA,NA,NA,-1,-1,-1,NA,NA,"USGS Michigan Water Science Center","USGS-MI","AU SABLE RIVER NEAR AU SABLE, MI","Stream","",4070007
"145","USGS-04143830",83,140,2003-09-09,9,-83.6477262,42.7991949,"SHIAWASSEE RIVER AT FISH LAKE RD AT HOLLY, MI",NA,NA,NA,NA,NA,-1,-1,-1,NA,NA,"USGS Michigan Water Science Center","USGS-MI","SHIAWASSEE RIVER AT FISH LAKE RD AT HOLLY, MI","Stream","",4080203
"146","USGS-04148035",402,1300,2006-08-23,9,-83.4463336,42.8522506,"KEARSLEY CREEK AT MILL STREET AT ORTONVILLE, MI",NA,NA,NA,NA,NA,-1,-1,-1,NA,NA,"USGS Michigan Water Science Center","USGS-MI","KEARSLEY CREEK AT MILL STREET AT ORTONVILLE, MI","Stream","",4080204
"147","USGS-04157000",228.375,1200,2011-09-14,8,-83.9630294,43.4128034,"SAGINAW RIVER AT SAGINAW, MI",NA,NA,NA,NA,NA,-1,-1,-1,NA,NA,"USGS Michigan Water Science Center","USGS-MI","SAGINAW RIVER AT SAGINAW, MI","Stream","",4080206
"148","USGS-04158495",135.5,300,2004-11-03,4,-83.2193958,43.7455712,"PIGEON RIVER AT MAXWELL ROAD NEAR RESCUE, MI",NA,NA,NA,NA,NA,-1,-1,-1,NA,NA,"USGS Michigan Water Science Center","USGS-MI","PIGEON RIVER AT MAXWELL ROAD NEAR RESCUE, MI","Stream","",4080103
"149","USGS-04159000",795,2000,2004-11-03,4,-83.279122,43.814182,"PIGEON RIVER NEAR PIGEON, MI",NA,NA,NA,NA,NA,-1,-1,-1,NA,NA,"USGS Michigan Water Science Center","USGS-MI","PIGEON RIVER NEAR PIGEON, MI","Stream","",4080103
"150","USGS-04159010",181.25,620,2004-11-03,4,-83.2416231,43.9394586,"PIGEON RIVER NEAR CASEVILLE, MI",NA,NA,NA,NA,NA,-1,-1,-1,NA,NA,"USGS Michigan Water Science Center","USGS-MI","PIGEON RIVER NEAR CASEVILLE, MI","Stream","",4080103
"151","USGS-041590107",72.5,210,2004-11-03,4,-83.2727359,43.9439031,"PIGEON RIVER AT CASEVILLE, MI",NA,NA,NA,NA,NA,-1,-1,-1,NA,NA,"USGS Michigan Water Science Center","USGS-MI","PIGEON RIVER AT CASEVILLE, MI","Stream","",4080103
"152","USGS-041590114",72,170,2004-11-03,4,-83.1407827,43.7925151,"PINNEBOG RIVER AT MOORE ROAD NEAR ELKTON, MI",NA,NA,NA,NA,NA,-1,-1,-1,NA,NA,"USGS Michigan Water Science Center","USGS-MI","PINNEBOG RIVER AT MOORE ROAD NEAR ELKTON, MI","Stream","",4080103
"153","USGS-041590117",183,600,2004-11-03,4,-83.1735625,43.8333482,"PINNEBOG RIVER AT RICHARDSON ROAD NR ELKTON, MI",NA,NA,NA,NA,NA,-1,-1,-1,NA,NA,"USGS Michigan Water Science Center","USGS-MI","PINNEBOG RIVER AT RICHARDSON ROAD NR ELKTON, MI","Stream","",4080103
"154","USGS-04159045",442,1500,2004-11-03,4,-83.1255066,43.92057,"PINNEBOG RIVER AT LIMERICK RD NEAR PINNEBOG, MI",NA,NA,NA,NA,NA,-1,-1,-1,NA,NA,"USGS Michigan Water Science Center","USGS-MI","PINNEBOG RIVER AT LIMERICK RD NEAR PINNEBOG, MI","Stream","",4080103
"155","USGS-04159064",133.75,260,2004-11-03,4,-83.0666165,43.9986252,"PINNEBOG RIVER NEAR PORT CRESCENT, MI",NA,NA,NA,NA,NA,-1,-1,-1,NA,NA,"USGS Michigan Water Science Center","USGS-MI","PINNEBOG RIVER NEAR PORT CRESCENT, MI","Stream","",4080103
"156","USGS-04159492",349.583333333333,3000,1998-02-27,24,-82.6246474,43.15086,"BLACK RIVER NEAR JEDDO, MI",NA,NA,NA,NA,NA,-1,-1,-1,NA,NA,"USGS Michigan Water Science Center","USGS-MI","BLACK RIVER NEAR JEDDO, MI","Stream","",4090001
"157","USGS-04160800",815.470588235294,9500,2006-09-12,17,-83.3535509,42.7200307,"SASHABAW CREEK NEAR DRAYTON PLAINS, MI",NA,NA,NA,NA,NA,-1,-1,-1,NA,NA,"USGS Michigan Water Science Center","USGS-MI","SASHABAW CREEK NEAR DRAYTON PLAINS, MI","Stream","",4090003
"158","USGS-04160900",1413.44444444444,9700,2006-08-23,9,-83.3902164,42.6603092,"CLINTON RIVER NEAR DRAYTON PLAINS, MI",NA,NA,NA,NA,NA,-1,-1,-1,NA,NA,"USGS Michigan Water Science Center","USGS-MI","CLINTON RIVER NEAR DRAYTON PLAINS, MI","Stream","",4090003
"159","USGS-04161000",642,4200,2006-09-12,17,-83.2243782,42.6333665,"CLINTON RIVER AT AUBURN HILLS, MI",NA,NA,NA,NA,NA,-1,-1,-1,NA,NA,"USGS Michigan Water Science Center","USGS-MI","CLINTON RIVER AT AUBURN HILLS, MI","Stream","",4090003
"160","USGS-04161540",464.647058823529,2100,2006-09-12,17,-83.1429886,42.6883656,"PAINT CREEK AT ROCHESTER, MI",NA,NA,NA,NA,NA,-1,-1,-1,NA,NA,"USGS Michigan Water Science Center","USGS-MI","PAINT CREEK AT ROCHESTER, MI","Stream","",4090003
"161","USGS-04161580",183,430,2006-08-23,8,-83.0902121,42.8008637,"STONY CREEK NEAR ROMEO, MI",NA,NA,NA,NA,NA,-1,-1,-1,NA,NA,"USGS Michigan Water Science Center","USGS-MI","STONY CREEK NEAR ROMEO, MI","Stream","",4090003
"162","USGS-04161800",710,710,2006-08-23,1,-83.0918768,42.7153095,"STONY CREEK NEAR WASHINGTON, MI",NA,NA,NA,NA,NA,-1,-1,-1,NA,NA,"USGS Michigan Water Science Center","USGS-MI","STONY CREEK NEAR WASHINGTON, MI","Stream","",4090003
"163","USGS-04161810",741.111111111111,3200,2003-09-09,9,-83.0963198,42.6716992,"CLINTON RIVER AT AVON ROAD AT YATES, MI",NA,NA,NA,NA,NA,-1,-1,-1,NA,NA,"USGS Michigan Water Science Center","USGS-MI","CLINTON RIVER AT AVON ROAD AT YATES, MI","Stream","",4090003
"164","USGS-04161820",218.829787234043,1300,2006-08-23,47,-83.0265933,42.6144781,"CLINTON RIVER AT STERLING HEIGHTS, MI",NA,NA,NA,NA,NA,-1,-1,-1,NA,NA,"USGS Michigan Water Science Center","USGS-MI","CLINTON RIVER AT STERLING HEIGHTS, MI","Stream","",4090003
"165","USGS-04163030",978.75,3200,2006-09-12,4,-83.0057566,42.5378131,"RED RUN AT 14 MILE ROAD AT WARREN, MI",NA,NA,NA,NA,NA,-1,-1,-1,NA,NA,"USGS Michigan Water Science Center","USGS-MI","RED RUN AT 14 MILE ROAD AT WARREN, MI","Stream","",4090003
"166","USGS-04163400",478,920,2006-08-23,2,-83.0713165,42.6014228,"PLUM BROOK AT UTICA, MI",NA,NA,NA,NA,NA,-1,-1,-1,NA,NA,"USGS Michigan Water Science Center","USGS-MI","PLUM BROOK AT UTICA, MI","Stream","",4090003
"167","USGS-04164000",326,590,2006-08-23,2,-82.951589,42.5778123,"CLINTON RIVER NEAR FRASER, MI",NA,NA,NA,NA,NA,-1,-1,-1,NA,NA,"USGS Michigan Water Science Center","USGS-MI","CLINTON RIVER NEAR FRASER, MI","Stream","",4090003
"168","USGS-04164100",56.25,130,2006-09-12,4,-83.0202102,42.82253,"EAST POND CREEK AT ROMEO, MI",NA,NA,NA,NA,NA,-1,-1,-1,NA,NA,"USGS Michigan Water Science Center","USGS-MI","EAST POND CREEK AT ROMEO, MI","Stream","",4090003
"169","USGS-04164110",316,630,2006-09-12,3,-82.9802085,42.8044746,"EAST POND CREEK AT POWELL ROAD NEAR ROMEO, MI",NA,NA,NA,NA,NA,-1,-1,-1,NA,NA,"USGS Michigan Water Science Center","USGS-MI","EAST POND CREEK AT POWELL ROAD NEAR ROMEO, MI","Stream","",4090003
"170","USGS-04164300",80,130,2006-08-23,2,-82.8849278,42.845863,"EAST BRANCH COON CREEK AT ARMADA, MI",NA,NA,NA,NA,NA,-1,-1,-1,NA,NA,"USGS Michigan Water Science Center","USGS-MI","EAST BRANCH COON CREEK AT ARMADA, MI","Stream","",4090003
"171","USGS-04164350",28.25,41,2006-09-12,4,-82.852148,42.8066969,"HIGHBANK CREEK AT 32 MILE ROAD NEAR ARMADA, MI",NA,NA,NA,NA,NA,-1,-1,-1,NA,NA,"USGS Michigan Water Science Center","USGS-MI","HIGHBANK CREEK AT 32 MILE ROAD NEAR ARMADA, MI","Stream","",4090003
"172","USGS-04164500",160.5,250,2006-08-23,2,-82.8888104,42.6292001,"NORTH BRANCH CLINTON RIVER NEAR MT. CLEMENS, MI",NA,NA,NA,NA,NA,-1,-1,-1,NA,NA,"USGS Michigan Water Science Center","USGS-MI","NORTH BRANCH CLINTON RIVER NEAR MT. CLEMENS, MI","Stream","",4090003
"173","USGS-04164800",618.5,1200,2006-08-23,2,-82.959094,42.7064207,"MIDDLE BRANCH CLINTON RIVER AT MACOMB, MI",NA,NA,NA,NA,NA,-1,-1,-1,NA,NA,"USGS Michigan Water Science Center","USGS-MI","MIDDLE BRANCH CLINTON RIVER AT MACOMB, MI","Stream","",4090003
"174","USGS-04165500",1350,2500,2011-08-17,2,-82.90881,42.5958674,"CLINTON RIVER AT MORAVIAN DRIVE AT MT. CLEMENS, MI",NA,NA,NA,NA,NA,-1,-1,-1,NA,NA,"USGS Michigan Water Science Center","USGS-MI","CLINTON RIVER AT MORAVIAN DRIVE AT MT. CLEMENS, MI","Stream","",4090003
"175","USGS-04165553",1684,3300,2006-08-23,2,-82.8826973,42.5839232,"CLINTON RIVER AT GRATIOT AVENUE AT MT. CLEMENS, MI",NA,NA,NA,NA,NA,-1,-1,-1,NA,NA,"USGS Michigan Water Science Center","USGS-MI","CLINTON RIVER AT GRATIOT AVENUE AT MT. CLEMENS, MI","Stream","",4090003
"176","USGS-04166000",891.785714285714,5400,2006-08-23,14,-83.2235418,42.5458678,"RIVER ROUGE AT BIRMINGHAM, MI",NA,NA,NA,NA,NA,-1,-1,-1,NA,NA,"USGS Michigan Water Science Center","USGS-MI","RIVER ROUGE AT BIRMINGHAM, MI","Stream","",4090004
"177","USGS-04166100",1053,4900,2003-09-08,8,-83.2974308,42.4475356,"RIVER ROUGE AT SOUTHFIELD, MI",NA,NA,NA,NA,NA,-1,-1,-1,NA,NA,"USGS Michigan Water Science Center","USGS-MI","RIVER ROUGE AT SOUTHFIELD, MI","Stream","",4090004
"178","USGS-04166200",3870.14285714286,25000,2006-08-23,7,-83.26743,42.4578134,"EVANS DITCH AT SOUTHFIELD, MI",NA,NA,NA,NA,NA,-1,-1,-1,NA,NA,"USGS Michigan Water Science Center","USGS-MI","EVANS DITCH AT SOUTHFIELD, MI","Stream","",4090004
"179","USGS-04166315",956,2600,2003-09-08,10,-83.3365985,42.4467022,"UPPER RIVER ROUGE AT CLARENCEVILLE, MI",NA,NA,NA,NA,NA,-1,-1,-1,NA,NA,"USGS Michigan Water Science Center","USGS-MI","UPPER RIVER ROUGE AT CLARENCEVILLE, MI","Stream","",4090004
"180","USGS-04166500",9580,26000,2011-08-17,3,-83.2546513,42.3730923,"RIVER ROUGE AT DETROIT, MI",NA,NA,NA,NA,NA,-1,-1,-1,NA,NA,"USGS Michigan Water Science Center","USGS-MI","RIVER ROUGE AT DETROIT, MI","Stream","",4090004
"181","USGS-04170000",100.5,480,2003-09-08,8,-83.6266081,42.5789209,"HURON RIVER AT MILFORD, MI",NA,NA,NA,NA,NA,-1,-1,-1,NA,NA,"USGS Michigan Water Science Center","USGS-MI","HURON RIVER AT MILFORD, MI","Stream","",4090005
"182","USGS-04170500",1.83333333333333,3,2003-09-08,6,-83.6763294,42.512811,"HURON RIVER NEAR NEW HUDSON, MI",NA,NA,NA,NA,NA,-1,-1,-1,NA,NA,"USGS Michigan Water Science Center","USGS-MI","HURON RIVER NEAR NEW HUDSON, MI","Stream","",4090005
"183","USGS-04175600",108.515151515152,1100,2003-08-13,33,-84.0760575,42.1680947,"RIVER RAISIN NEAR MANCHESTER, MI",NA,NA,NA,NA,NA,-1,-1,-1,NA,NA,"USGS Michigan Water Science Center","USGS-MI","RIVER RAISIN NEAR MANCHESTER, MI","Stream","",4100002
"184","USGS-04175655",140,140,2003-08-13,1,-83.9660536,42.0428209,"RIVER RAISIN AT STAIB ROAD NEAR TECUMSEH, MI",NA,NA,NA,NA,NA,-1,-1,-1,NA,NA,"USGS Michigan Water Science Center","USGS-MI","RIVER RAISIN AT STAIB ROAD NEAR TECUMSEH, MI","Stream","",4100002
"185","USGS-04175815",270,270,2003-08-13,1,-84.1124447,41.8586591,"SOUTH BRANCH RIVER RAISIN AT CARLETON RD NR ADRIAN",NA,NA,NA,NA,NA,-1,-1,-1,NA,NA,"USGS Michigan Water Science Center","USGS-MI","SOUTH BRANCH RIVER RAISIN AT CARLETON RD NR ADRIAN","Stream","",4100002
"186","USGS-04175960",430,430,2003-08-13,1,-84.010221,41.9175466,"S BR RIVER RAISIN AT HOWELL HWY NR ADRIAN, MI",NA,NA,NA,NA,NA,-1,-1,-1,NA,NA,"USGS Michigan Water Science Center","USGS-MI","S BR RIVER RAISIN AT HOWELL HWY NR ADRIAN, MI","Stream","",4100002
"187","USGS-04176107",2300,2300,2003-08-15,1,-83.9777209,41.8731033,"UNNAMED TRIB TO BIG MEADOW DRAIN NEAR PALMYRA, MI",NA,NA,NA,NA,NA,-1,-1,-1,NA,NA,"USGS Michigan Water Science Center","USGS-MI","UNNAMED TRIB TO BIG MEADOW DRAIN NEAR PALMYRA, MI","Stream","",4100002
"188","USGS-04176110",620,620,2003-08-15,1,-83.9407761,41.8256045,"BIG MEADOW DRAIN AT GORMAN ROAD NR BLISSFIELD, MI",NA,NA,NA,NA,NA,-1,-1,-1,NA,NA,"USGS Michigan Water Science Center","USGS-MI","BIG MEADOW DRAIN AT GORMAN ROAD NR BLISSFIELD, MI","Stream","",4100002
"189","USGS-04176500",65,110,2011-08-23,2,-83.5310462,41.9606008,"RIVER RAISIN NEAR MONROE, MI",NA,NA,NA,NA,NA,-1,-1,-1,NA,NA,"USGS Michigan Water Science Center","USGS-MI","RIVER RAISIN NEAR MONROE, MI","Stream","",4100002
"190","USGS-4145080832831",80,80,2003-09-09,1,-83.4752114,41.7522692,"08S 08E 28 DC01 MONROE CO (LAKE ESGA)",NA,NA,NA,NA,NA,-1,-1,-1,NA,NA,"USGS Michigan Water Science Center","USGS-MI","08S 08E 28 DC01 MONROE CO (LAKE ESGA)","Lake, Reservoir, Impoundment","",4100001
"191","USGS-414604084264601",1,1,2007-08-02,1,-84.4461111,41.7677778,"SUS059-10B",NA,NA,NA,NA,NA,-1,-1,-1,NA,NA,"USGS Michigan Water Science Center","USGS-MI","SUS059-10B","Well","",4100003
"192","USGS-415223084140101",285714.285714286,540000,2008-11-25,14,-84.2336111,41.8730556,"UNNAMED STORAGE LAGOON P2 NEAR CLAYTON, MI",NA,NA,NA,NA,NA,-1,-1,-1,NA,NA,"USGS Michigan Water Science Center","USGS-MI","UNNAMED STORAGE LAGOON P2 NEAR CLAYTON, MI","Facility: Water-use establishment","",4100002
"193","USGS-415224084141108",1640.71428571429,7400,2008-11-25,14,-84.2363889,41.8733333,"TRIB TO S BRANCH RIVER RAISIN (D2) NR CLAYTON, MI",NA,NA,NA,NA,NA,-1,-1,-1,NA,NA,"USGS Michigan Water Science Center","USGS-MI","TRIB TO S BRANCH RIVER RAISIN (D2) NR CLAYTON, MI","Stream","",4100002
"194","USGS-415224084141604",220,500,2007-11-27,6,-84.2377778,41.8733333,"UNNAMED WELL W1 NEAR CLAYTON, MI",NA,NA,NA,NA,NA,-1,-1,-1,NA,NA,"USGS Michigan Water Science Center","USGS-MI","UNNAMED WELL W1 NEAR CLAYTON, MI","Well","",4100002
"195","USGS-415227084141405",5034,17000,2007-11-27,5,-84.2372222,41.8741667,"UNNAMED WELL W2 NEAR CLAYTON, MI",NA,NA,NA,NA,NA,-1,-1,-1,NA,NA,"USGS Michigan Water Science Center","USGS-MI","UNNAMED WELL W2 NEAR CLAYTON, MI","Well","",4100002
"196","USGS-415227084141806",4536.28571428571,14000,2007-11-27,7,-84.2383333,41.8741667,"UNNAMED WELL W3 NEAR CLAYTON, MI",NA,NA,NA,NA,NA,-1,-1,-1,NA,NA,"USGS Michigan Water Science Center","USGS-MI","UNNAMED WELL W3 NEAR CLAYTON, MI","Well","",4100002
"197","USGS-415230084140602",36247.5,140000,2008-09-22,12,-84.235,41.875,"UNNAMED WETLAND POND P3 NEAR CLAYTON, MI",NA,NA,NA,NA,NA,-1,-1,-1,NA,NA,"USGS Michigan Water Science Center","USGS-MI","UNNAMED WETLAND POND P3 NEAR CLAYTON, MI","Facility: Water-use establishment","",4100002
"198","USGS-415230084142607",1335.15384615385,8000,2008-11-25,13,-84.2405556,41.875,"TRIB TO S BRANCH RIVER RAISIN (D4) NR CLAYTON, MI",NA,NA,NA,NA,NA,-1,-1,-1,NA,NA,"USGS Michigan Water Science Center","USGS-MI","TRIB TO S BRANCH RIVER RAISIN (D4) NR CLAYTON, MI","Stream","",4100002
"199","USGS-415233084140309",1103.85714285714,6300,2008-11-25,14,-84.2341667,41.8758333,"TRIB TO S BRANCH RIVER RAISIN (D1) NR CLAYTON, MI",NA,NA,NA,NA,NA,-1,-1,-1,NA,NA,"USGS Michigan Water Science Center","USGS-MI","TRIB TO S BRANCH RIVER RAISIN (D1) NR CLAYTON, MI","Stream","",4100002
"200","USGS-415233084140603",9697,60000,2008-11-25,14,-84.235,41.8758333,"UNNAMED WETLAND POND P4 NEAR CLAYTON, MI",NA,NA,NA,NA,NA,-1,-1,-1,NA,NA,"USGS Michigan Water Science Center","USGS-MI","UNNAMED WETLAND POND P4 NEAR CLAYTON, MI","Facility: Water-use establishment","",4100002
"201","USGS-415234084141011",100,100,2008-07-09,1,-84.2361111,41.8761111,"UNNAMED WELL W5 NEAR CLAYTON, MI",NA,NA,NA,NA,NA,-1,-1,-1,NA,NA,"USGS Michigan Water Science Center","USGS-MI","UNNAMED WELL W5 NEAR CLAYTON, MI","Well","",4100002
"202","USGS-415234084141210",800,800,2008-07-09,1,-84.2366667,41.8761111,"UNNAMED WELL W4 NEAR CLAYTON, MI",NA,NA,NA,NA,NA,-1,-1,-1,NA,NA,"USGS Michigan Water Science Center","USGS-MI","UNNAMED WELL W4 NEAR CLAYTON, MI","Well","",4100002
"203","USGS-421624083515600",12,12,2007-07-19,1,-83.8654722,42.27325,"SUS161-33",NA,NA,NA,NA,NA,-1,-1,-1,NA,NA,"USGS Michigan Water Science Center","USGS-MI","SUS161-33","Well","",4090005
"204","USGS-422806083493701",1,1,1997-06-11,1,-83.8269083,42.4681889,"DWS093-10",NA,NA,NA,NA,NA,-1,-1,-1,NA,NA,"USGS Michigan Water Science Center","USGS-MI","DWS093-10","Well","",4090005
"205","USGS-423004083463001",1,1,1997-06-11,1,-83.7756556,42.5015528,"DWS093-28",NA,NA,NA,NA,NA,-1,-1,-1,NA,NA,"USGS Michigan Water Science Center","USGS-MI","DWS093-28","Well","",4090005
"206","USGS-423015083304800",1,1,1999-08-04,1,-83.5135583,42.5044,"01N 08E 08 ACB00 OAKLAND CO (VIR125-25-COMPOSITE)",NA,NA,NA,NA,NA,-1,-1,-1,NA,NA,"USGS Michigan Water Science Center","USGS-MI","01N 08E 08 ACB00 OAKLAND CO (VIR125-25-COMPOSITE)","Well: Multiple wells","",4090005
"207","USGS-424229083291601",1,1,2001-04-03,1,-83.4877778,42.7080556,"04N 08E 34 AAD01 OAKLAND CO (VIR125-30)",NA,NA,NA,NA,NA,-1,-1,-1,NA,NA,"USGS Michigan Water Science Center","USGS-MI","04N 08E 34 AAD01 OAKLAND CO (VIR125-30)","Well","",4090005
"208","USGS-424450083280301",6,6,1999-11-16,1,-83.4675083,42.7472222,"04N 08E 14 ADD01 OAKLAND CO (VIR125-3)",NA,NA,NA,NA,NA,-1,-1,-1,NA,NA,"USGS Michigan Water Science Center","USGS-MI","04N 08E 14 ADD01 OAKLAND CO (VIR125-3)","Well","",4090003
"209","USGS-424819083100901",2,2,1999-08-03,1,-83.1694222,42.8054944,"05N 11E 33 CAA01 OAKLAND CO (VIR125-1)",NA,NA,NA,NA,NA,-1,-1,-1,NA,NA,"USGS Michigan Water Science Center","USGS-MI","05N 11E 33 CAA01 OAKLAND CO (VIR125-1)","Well","",4090003
"210","USGS-434900083071801",0,0,2004-08-26,1,-83.1213379,43.8166816,"16N 11E 13AADD01 HURON CO (OLIVER TWP, H-14)",NA,NA,NA,NA,NA,-1,-1,-1,NA,NA,"USGS Michigan Water Science Center","USGS-MI","16N 11E 13AADD01 HURON CO (OLIVER TWP, H-14)","Well","",4080103
"211","USGS-435326083105701",0,0,2004-08-27,1,-83.1824529,43.8905701,"17N 11E 16DDDD HURON CO (CHANDLER TWP, H-20)",NA,NA,NA,NA,NA,-1,-1,-1,NA,NA,"USGS Michigan Water Science Center","USGS-MI","17N 11E 16DDDD HURON CO (CHANDLER TWP, H-20)","Well","",4080104
"212","USGS-442533084410604",4,10,2000-07-25,4,-84.685026,44.4258503,"24N 03W 33CA 04 ROSCOMMON CO (SITE 20)",NA,NA,NA,NA,NA,-1,-1,-1,NA,NA,"USGS Michigan Water Science Center","USGS-MI","24N 03W 33CA 04 ROSCOMMON CO (SITE 20)","Well: Test hole not completed as a well","",4060102
"213","USGS-442617084400604",1,1,1998-07-08,1,-84.6683589,44.4380725,"24N 03W 27CD 04 ROSCOMMON CO (SITE 12)",NA,NA,NA,NA,NA,-1,-1,-1,NA,NA,"USGS Michigan Water Science Center","USGS-MI","24N 03W 27CD 04 ROSCOMMON CO (SITE 12)","Well: Test hole not completed as a well","",4060102
"214","USGS-442629084421704",37.25,120,2000-07-25,4,-84.7047491,44.4414056,"24N 03W 29CA 04 ROSCOMMON CO (SITE 28)",NA,NA,NA,NA,NA,-1,-1,-1,NA,NA,"USGS Michigan Water Science Center","USGS-MI","24N 03W 29CA 04 ROSCOMMON CO (SITE 28)","Well: Test hole not completed as a well","",4060102
"215","USGS-442640084400004",3,8,2000-07-25,4,-84.6666922,44.4444614,"24N 03W 27BD 04 ROSCOMMON CO (SITE 21)",NA,NA,NA,NA,NA,-1,-1,-1,NA,NA,"USGS Michigan Water Science Center","USGS-MI","24N 03W 27BD 04 ROSCOMMON CO (SITE 21)","Well: Test hole not completed as a well","",4060102
"216","USGS-442717084401504",1,1,1998-07-08,1,-84.6708592,44.4547391,"24N 03W 22CB 04 ROSCOMMON CO (SITE 11)",NA,NA,NA,NA,NA,-1,-1,-1,NA,NA,"USGS Michigan Water Science Center","USGS-MI","24N 03W 22CB 04 ROSCOMMON CO (SITE 11)","Well: Test hole not completed as a well","",4060102
"217","USGS-442748084444504",6.4,14,2000-07-26,5,-84.745862,44.4633496,"24N 04W 24BB 04 ROSCOMMON CO (SITE 3)",NA,NA,NA,NA,NA,-1,-1,-1,NA,NA,"USGS Michigan Water Science Center","USGS-MI","24N 04W 24BB 04 ROSCOMMON CO (SITE 3)","Well: Test hole not completed as a well","",4060102
"218","USGS-442748084450604",43.4,150,2000-07-26,5,-84.7516956,44.4633495,"HIGGINS LAKE, SITE 30 NR ROSCOMMON, MI (2FT BL SF)",NA,NA,NA,NA,NA,-1,-1,-1,NA,NA,"USGS Michigan Water Science Center","USGS-MI","HIGGINS LAKE, SITE 30 NR ROSCOMMON, MI (2FT BL SF)","Lake, Reservoir, Impoundment","",4060102
"219","USGS-442755084404404",1,1,1998-07-08,1,-84.6789152,44.4652945,"24N 03W 16DD 04 ROSCOMMON CO (SITE 32)",NA,NA,NA,NA,NA,-1,-1,-1,NA,NA,"USGS Michigan Water Science Center","USGS-MI","24N 03W 16DD 04 ROSCOMMON CO (SITE 32)","Well: Test hole not completed as a well","",4060102
"220","USGS-442803084411604",21,36,2000-07-25,2,-84.6878045,44.4675167,"24N 03W 16CA 04 ROSCOMMON CO (SITE 10)",NA,NA,NA,NA,NA,-1,-1,-1,NA,NA,"USGS Michigan Water Science Center","USGS-MI","24N 03W 16CA 04 ROSCOMMON CO (SITE 10)","Well: Test hole not completed as a well","",4060102
"221","USGS-442803084461204",4.33333333333333,14,2000-07-24,6,-84.7700299,44.4675159,"24N 04W 14CD 04 ROSCOMMON CO (SITE 4)",NA,NA,NA,NA,NA,-1,-1,-1,NA,NA,"USGS Michigan Water Science Center","USGS-MI","24N 04W 14CD 04 ROSCOMMON CO (SITE 4)","Well: Test hole not completed as a well","",4060102
"222","USGS-442811084430704",9.5,17,1998-08-19,2,-84.7186389,44.4697386,"24N 03W 18DB 04 ROSCOMMON CO (SITE 22)",NA,NA,NA,NA,NA,-1,-1,-1,NA,NA,"USGS Michigan Water Science Center","USGS-MI","24N 03W 18DB 04 ROSCOMMON CO (SITE 22)","Well: Test hole not completed as a well","",4060102
"223","USGS-442815084412904",331.666666666667,920,2000-06-06,3,-84.6914158,44.4708499,"24N 03W 16CA 04 ROSCOMMON CO (SITE 33)",NA,NA,NA,NA,NA,-1,-1,-1,NA,NA,"USGS Michigan Water Science Center","USGS-MI","24N 03W 16CA 04 ROSCOMMON CO (SITE 33)","Well: Test hole not completed as a well","",4060102
"224","USGS-442851084433004",2,2,1998-07-07,1,-84.7250282,44.4808496,"24N 03W 18 04 ROSCOMMON CO (SITE 31)",NA,NA,NA,NA,NA,-1,-1,-1,NA,NA,"USGS Michigan Water Science Center","USGS-MI","24N 03W 18 04 ROSCOMMON CO (SITE 31)","Well: Test hole not completed as a well","",4060102
"225","USGS-442940084414904",12.25,27,2000-06-06,4,-84.6969719,44.4944609,"24N 03W 08 ROSCOMMON CO (SITE 27)",NA,NA,NA,NA,NA,-1,-1,-1,NA,NA,"USGS Michigan Water Science Center","USGS-MI","24N 03W 08 ROSCOMMON CO (SITE 27)","Well: Test hole not completed as a well","",4060102
"226","USGS-442958084462804",1,1,1998-07-06,1,-84.7744751,44.49946,"24N 04W 03DA 04 ROSCOMMON CO (SITE 23)",NA,NA,NA,NA,NA,-1,-1,-1,NA,NA,"USGS Michigan Water Science Center","USGS-MI","24N 04W 03DA 04 ROSCOMMON CO (SITE 23)","Well: Test hole not completed as a well","",4060102
"227","USGS-443019084461304",5,8,2000-07-24,6,-84.7703083,44.5052934,"24N 04 02CB 04 ROSCOMMON CO (SITE 29)",NA,NA,NA,NA,NA,-1,-1,-1,NA,NA,"USGS Michigan Water Science Center","USGS-MI","24N 04 02CB 04 ROSCOMMON CO (SITE 29)","Well: Test hole not completed as a well","",4060102
"228","USGS-443027084460604",6.16666666666667,16,2000-06-07,6,-84.7683637,44.5075156,"24N 04W 02BD 04 ROSCOMMON CO (SITE 24)",NA,NA,NA,NA,NA,-1,-1,-1,NA,NA,"USGS Michigan Water Science Center","USGS-MI","24N 04W 02BD 04 ROSCOMMON CO (SITE 24)","Well: Test hole not completed as a well","",4060102
